<?xml version="1.0" encoding="UTF-8" standalone="yes" ?>
<CodeBlocks_plugin_manifest_file>
    <SdkVersion major="1" minor="11"  release="12" />
    <Plugin name="gcc">
        <Value title="g++" />
        <Value version="0.1" />
        <Value description="Code Blocks plugins plugin's" />
        <Value author="Prof Mosa MM" />
        <Value authorEmail="princevxiii.mosamoabi@programmer.net" />
        <Value authorWebsite="www.hoshqinc.co.za" />
        <Value thanksTo="A.O.S Corp
ARTBOY Creations
BlueVoice

" />
        <Value license="GPL" />
    </Plugin>
</CodeBlocks_plugin_manifest_file>
